{"cameraMode":{"drawMode":0,"name":"Shaded","section":"Shading Mode"},"sceneLighting":false,"audioPlay":false,"sceneViewState":{"m_AlwaysRefresh":false,"showFog":true,"showSkybox":false,"showFlares":true,"showImageEffects":true,"showParticleSystems":true,"showVisualEffectGraphs":true,"m_FxEnabled":true},"in2DMode":false,"pivot":{"x":1.2298996448516846,"y":-0.20911496877670289,"z":-0.23939582705497743},"rotation":{"x":0.06991586834192276,"y":0.7135956287384033,"z":-0.07195878773927689,"w":0.6933368444442749},"size":1.3613157272338868,"orthographic":false}