{"cameraMode":{"drawMode":0,"name":"Shaded","section":"Shading Mode"},"sceneLighting":false,"audioPlay":false,"sceneViewState":{"m_AlwaysRefresh":false,"showFog":true,"showSkybox":false,"showFlares":true,"showImageEffects":true,"showParticleSystems":true,"showVisualEffectGraphs":true,"m_FxEnabled":true},"in2DMode":false,"pivot":{"x":0.0016580559313297272,"y":1.8210716247558594,"z":52.50684356689453},"rotation":{"x":0.09872619062662125,"y":-0.04745205119252205,"z":-0.004719299264252186,"w":-0.9939777851104736},"size":1.0940935611724854,"orthographic":true}