{"cameraMode":{"drawMode":0,"name":"Shaded","section":"Shading Mode"},"sceneLighting":false,"audioPlay":false,"sceneViewState":{"m_AlwaysRefresh":false,"showFog":true,"showSkybox":false,"showFlares":true,"showImageEffects":true,"showParticleSystems":true,"showVisualEffectGraphs":true,"m_FxEnabled":true},"in2DMode":false,"pivot":{"x":-41.3465576171875,"y":-2.2140214443206789,"z":-52.106727600097659},"rotation":{"x":-0.008136420510709286,"y":-0.9914980530738831,"z":0.10449148714542389,"w":-0.07719936966896057},"size":1.7300491333007813,"orthographic":false}