{"cameraMode":{"drawMode":0,"name":"Shaded","section":"Shading Mode"},"sceneLighting":false,"audioPlay":false,"sceneViewState":{"m_AlwaysRefresh":false,"showFog":true,"showSkybox":false,"showFlares":true,"showImageEffects":true,"showParticleSystems":true,"showVisualEffectGraphs":true,"m_FxEnabled":true},"in2DMode":false,"pivot":{"x":-29.9083251953125,"y":0.9209840297698975,"z":-22.039779663085939},"rotation":{"x":0.05727099999785423,"y":0.6430172920227051,"z":-0.048317499458789828,"w":0.7621845006942749},"size":0.8733291029930115,"orthographic":false}